cycle,branch,state,forecastdate,candidate,win_prob_lite,win_prob_classic,win_prob_deluxe
2018,Governor,AK,11/6/2018,Mike Dunleavy,0.6672,0.689,0.7147
2018,Governor,AK,11/5/2018,Mike Dunleavy,0.6663,0.6884,0.7142
2018,Governor,AK,11/4/2018,Mike Dunleavy,0.6602,0.6901,0.715
2018,Governor,AK,11/3/2018,Mike Dunleavy,0.6652,0.6933,0.7173
2018,Governor,AK,11/2/2018,Mike Dunleavy,0.6679,0.6711,0.7014
2018,Governor,AK,11/1/2018,Mike Dunleavy,0.665,0.669,0.6993
2018,Governor,AK,10/31/2018,Mike Dunleavy,0.6597,0.6599,0.6923
2018,Governor,AK,10/30/2018,Mike Dunleavy,0.6629,0.6623,0.6938
2018,Governor,AK,10/29/2018,Mike Dunleavy,0.6573,0.6567,0.6876
2018,Governor,AK,10/28/2018,Mike Dunleavy,0.6632,0.6614,0.6922
2018,Governor,AK,10/27/2018,Mike Dunleavy,0.6695,0.6644,0.6947
2018,Governor,AK,10/26/2018,Mike Dunleavy,0.6671,0.663,0.6921
2018,Governor,AK,10/25/2018,Mike Dunleavy,0.6678,0.6641,0.6919
2018,Governor,AK,10/24/2018,Mike Dunleavy,0.6656,0.6603,0.6865
2018,Governor,AK,10/23/2018,Mike Dunleavy,0.6599,0.6541,0.6823
2018,Governor,AK,10/22/2018,Mike Dunleavy,0.6555,0.6475,0.6741
2018,Governor,AK,10/21/2018,Mike Dunleavy,0.6693,0.6567,0.6841
2018,Governor,AK,10/20/2018,Mike Dunleavy,0.6735,0.6585,0.6862
2018,Governor,AK,10/19/2018,Mike Dunleavy,0.6797,0.666,0.7154
2018,Governor,AK,10/18/2018,Mike Dunleavy,0.9324,0.8315,0.7984
2018,Governor,AK,10/17/2018,Mike Dunleavy,0.9305,0.8321,0.7989
2018,Governor,AK,10/16/2018,Mike Dunleavy,0.9311,0.8302,0.7973
2018,Governor,AK,10/13/2018,Mike Dunleavy,0.9219,0.8262,0.797
2018,Governor,AK,10/12/2018,Mike Dunleavy,0.9228,0.829,0.7988
2018,Governor,AK,10/11/2018,Mike Dunleavy,0.7753,0.7413,0.7383
2018,Governor,AL,11/6/2018,Kay Ivey,0.9333,0.9831,0.9906
2018,Governor,AL,11/5/2018,Kay Ivey,0.933,0.9842,0.9908
2018,Governor,AL,11/4/2018,Kay Ivey,0.9327,0.9841,0.9902
2018,Governor,AL,11/3/2018,Kay Ivey,0.9349,0.9835,0.9902
2018,Governor,AL,11/2/2018,Kay Ivey,0.9365,0.9896,0.9935
2018,Governor,AL,11/1/2018,Kay Ivey,0.9318,0.9883,0.9921
2018,Governor,AL,10/31/2018,Kay Ivey,0.9348,0.989,0.9929
2018,Governor,AL,10/30/2018,Kay Ivey,0.9322,0.9883,0.9927
2018,Governor,AL,10/29/2018,Kay Ivey,0.9344,0.9875,0.9916
2018,Governor,AL,10/28/2018,Kay Ivey,0.9352,0.9886,0.9924
2018,Governor,AL,10/27/2018,Kay Ivey,0.9381,0.9881,0.9924
2018,Governor,AL,10/26/2018,Kay Ivey,0.9364,0.9885,0.9922
2018,Governor,AL,10/25/2018,Kay Ivey,0.9362,0.9882,0.9923
2018,Governor,AL,10/24/2018,Kay Ivey,0.9358,0.9884,0.9921
2018,Governor,AL,10/23/2018,Kay Ivey,0.9327,0.9862,0.9909
2018,Governor,AL,10/22/2018,Kay Ivey,0.9308,0.9862,0.9912
2018,Governor,AL,10/21/2018,Kay Ivey,0.9377,0.9875,0.9919
2018,Governor,AL,10/20/2018,Kay Ivey,0.9403,0.9878,0.9922
2018,Governor,AL,10/19/2018,Kay Ivey,0.9394,0.9867,0.9914
2018,Governor,AL,10/18/2018,Kay Ivey,0.9402,0.987,0.9916
2018,Governor,AL,10/17/2018,Kay Ivey,0.9383,0.9861,0.9909
2018,Governor,AL,10/16/2018,Kay Ivey,0.9361,0.9868,0.9912
2018,Governor,AL,10/13/2018,Kay Ivey,0.9375,0.9878,0.9921
2018,Governor,AL,10/12/2018,Kay Ivey,0.9347,0.987,0.9915
2018,Governor,AL,10/11/2018,Kay Ivey,0.9311,0.9866,0.9911
2018,Governor,AR,11/6/2018,Asa Hutchinson,0.999,0.9994,0.9996
2018,Governor,AR,11/5/2018,Asa Hutchinson,0.9989,0.9993,0.9996
2018,Governor,AR,11/4/2018,Asa Hutchinson,0.9984,0.9991,0.9993
2018,Governor,AR,11/3/2018,Asa Hutchinson,0.9987,0.9993,0.9994
2018,Governor,AR,11/2/2018,Asa Hutchinson,0.9985,0.9991,0.9993
2018,Governor,AR,11/1/2018,Asa Hutchinson,0.9989,0.9993,0.9995
2018,Governor,AR,10/31/2018,Asa Hutchinson,0.9911,0.9982,0.9986
2018,Governor,AR,10/30/2018,Asa Hutchinson,0.9906,0.9982,0.9985
2018,Governor,AR,10/29/2018,Asa Hutchinson,0.9899,0.9979,0.9985
2018,Governor,AR,10/28/2018,Asa Hutchinson,0.9909,0.9982,0.9987
2018,Governor,AR,10/27/2018,Asa Hutchinson,0.9906,0.9982,0.9984
2018,Governor,AR,10/26/2018,Asa Hutchinson,0.9911,0.9982,0.9985
2018,Governor,AR,10/25/2018,Asa Hutchinson,0.9901,0.9977,0.9982
2018,Governor,AR,10/24/2018,Asa Hutchinson,0.9908,0.9981,0.9985
2018,Governor,AR,10/23/2018,Asa Hutchinson,0.9903,0.9978,0.9982
2018,Governor,AR,10/22/2018,Asa Hutchinson,0.9904,0.998,0.9983
2018,Governor,AR,10/21/2018,Asa Hutchinson,0.9989,0.999,0.9991
2018,Governor,AR,10/20/2018,Asa Hutchinson,0.9986,0.9987,0.999
2018,Governor,AR,10/19/2018,Asa Hutchinson,0.9988,0.9988,0.9991
2018,Governor,AR,10/18/2018,Asa Hutchinson,0.9987,0.9989,0.999
2018,Governor,AR,10/17/2018,Asa Hutchinson,0.9992,0.9992,0.9994
2018,Governor,AR,10/16/2018,Asa Hutchinson,0.999,0.9991,0.9993
2018,Governor,AR,10/13/2018,Asa Hutchinson,0.999,0.999,0.9994
2018,Governor,AR,10/12/2018,Asa Hutchinson,0.999,0.9992,0.9994
2018,Governor,AR,10/11/2018,Asa Hutchinson,0.9989,0.999,0.9992
2018,Governor,AZ,11/6/2018,Doug Ducey,0.9922,0.9872,0.9857
2018,Governor,AZ,11/5/2018,Doug Ducey,0.9928,0.9872,0.9857
2018,Governor,AZ,11/4/2018,Doug Ducey,0.9886,0.9852,0.9835
2018,Governor,AZ,11/3/2018,Doug Ducey,0.9874,0.9835,0.9818
2018,Governor,AZ,11/2/2018,Doug Ducey,0.9907,0.9827,0.9814
2018,Governor,AZ,11/1/2018,Doug Ducey,0.9899,0.9831,0.9804
2018,Governor,AZ,10/31/2018,Doug Ducey,0.9849,0.9779,0.9767
2018,Governor,AZ,10/30/2018,Doug Ducey,0.9681,0.9667,0.9672
2018,Governor,AZ,10/29/2018,Doug Ducey,0.9572,0.9604,0.962
2018,Governor,AZ,10/28/2018,Doug Ducey,0.9414,0.9505,0.9559
2018,Governor,AZ,10/27/2018,Doug Ducey,0.958,0.9523,0.9587
2018,Governor,AZ,10/26/2018,Doug Ducey,0.9557,0.9507,0.9566
2018,Governor,AZ,10/25/2018,Doug Ducey,0.9561,0.9506,0.9563
2018,Governor,AZ,10/24/2018,Doug Ducey,0.9558,0.9499,0.9555
2018,Governor,AZ,10/23/2018,Doug Ducey,0.9535,0.9481,0.9541
2018,Governor,AZ,10/22/2018,Doug Ducey,0.9521,0.9454,0.9515
2018,Governor,AZ,10/21/2018,Doug Ducey,0.9523,0.9473,0.9529
2018,Governor,AZ,10/20/2018,Doug Ducey,0.9531,0.9486,0.9543
2018,Governor,AZ,10/19/2018,Doug Ducey,0.9521,0.9457,0.952
2018,Governor,AZ,10/18/2018,Doug Ducey,0.9523,0.9471,0.9528
2018,Governor,AZ,10/17/2018,Doug Ducey,0.9537,0.947,0.9528
2018,Governor,AZ,10/16/2018,Doug Ducey,0.9515,0.9469,0.9525
2018,Governor,AZ,10/13/2018,Doug Ducey,0.9611,0.9534,0.9574
2018,Governor,AZ,10/12/2018,Doug Ducey,0.9584,0.9508,0.955
2018,Governor,AZ,10/11/2018,Doug Ducey,0.9624,0.9549,0.9489
2018,Governor,CA,11/6/2018,John Cox,0.0062,0.0121,0.0064
2018,Governor,CA,11/5/2018,John Cox,0.0067,0.0126,0.0065
2018,Governor,CA,11/4/2018,John Cox,0.0062,0.0082,0.0042
2018,Governor,CA,11/3/2018,John Cox,0.0063,0.0092,0.0047
2018,Governor,CA,11/2/2018,John Cox,0.0053,0.0088,0.0049
2018,Governor,CA,11/1/2018,John Cox,0.0086,0.011,0.0059
2018,Governor,CA,10/31/2018,John Cox,0.0079,0.0113,0.0058
2018,Governor,CA,10/30/2018,John Cox,0.0104,0.0115,0.0064
2018,Governor,CA,10/29/2018,John Cox,0.012,0.0144,0.0082
2018,Governor,CA,10/28/2018,John Cox,0.0121,0.0142,0.0074
2018,Governor,CA,10/27/2018,John Cox,0.0124,0.0146,0.0078
2018,Governor,CA,10/26/2018,John Cox,0.0128,0.0153,0.0081
2018,Governor,CA,10/25/2018,John Cox,0.0129,0.0159,0.0086
2018,Governor,CA,10/24/2018,John Cox,0.0116,0.0104,0.006
2018,Governor,CA,10/23/2018,John Cox,0.0121,0.0106,0.0059
2018,Governor,CA,10/22/2018,John Cox,0.0119,0.01,0.0059
2018,Governor,CA,10/21/2018,John Cox,0.0166,0.013,0.0072
2018,Governor,CA,10/20/2018,John Cox,0.0184,0.0145,0.0082
2018,Governor,CA,10/19/2018,John Cox,0.0187,0.0142,0.0079
2018,Governor,CA,10/18/2018,John Cox,0.0192,0.0149,0.0084
2018,Governor,CA,10/17/2018,John Cox,0.0183,0.0147,0.0087
2018,Governor,CA,10/16/2018,John Cox,0.0248,0.015,0.0082
2018,Governor,CA,10/13/2018,John Cox,0.0481,0.0197,0.0109
2018,Governor,CA,10/12/2018,John Cox,0.0473,0.0202,0.0115
2018,Governor,CA,10/11/2018,John Cox,0.0462,0.0206,0.0113
2018,Governor,CO,11/6/2018,Walker Stapleton,0.1125,0.0503,0.0747
2018,Governor,CO,11/5/2018,Walker Stapleton,0.1116,0.0495,0.0741
2018,Governor,CO,11/4/2018,Walker Stapleton,0.1171,0.0521,0.0766
2018,Governor,CO,11/3/2018,Walker Stapleton,0.1131,0.0509,0.0742
2018,Governor,CO,11/2/2018,Walker Stapleton,0.114,0.0624,0.0833
2018,Governor,CO,11/1/2018,Walker Stapleton,0.1126,0.061,0.0813
2018,Governor,CO,10/31/2018,Walker Stapleton,0.087,0.0418,0.0642
2018,Governor,CO,10/30/2018,Walker Stapleton,0.0859,0.0401,0.063
2018,Governor,CO,10/29/2018,Walker Stapleton,0.0825,0.0395,0.0616
2018,Governor,CO,10/28/2018,Walker Stapleton,0.0851,0.041,0.0639
2018,Governor,CO,10/27/2018,Walker Stapleton,0.0898,0.0446,0.0667
2018,Governor,CO,10/26/2018,Walker Stapleton,0.0873,0.0432,0.0644
2018,Governor,CO,10/25/2018,Walker Stapleton,0.0902,0.0442,0.0651
2018,Governor,CO,10/24/2018,Walker Stapleton,0.0914,0.0452,0.0662
2018,Governor,CO,10/23/2018,Walker Stapleton,0.0908,0.045,0.0647
2018,Governor,CO,10/22/2018,Walker Stapleton,0.0904,0.044,0.0635
2018,Governor,CO,10/21/2018,Walker Stapleton,0.1714,0.0782,0.0962
2018,Governor,CO,10/20/2018,Walker Stapleton,0.1752,0.0803,0.0991
2018,Governor,CO,10/19/2018,Walker Stapleton,0.1756,0.0837,0.1012
2018,Governor,CO,10/18/2018,Walker Stapleton,0.1769,0.0827,0.1016
2018,Governor,CO,10/17/2018,Walker Stapleton,0.1841,0.0872,0.1042
2018,Governor,CO,10/16/2018,Walker Stapleton,0.164,0.0816,0.0992
2018,Governor,CO,10/13/2018,Walker Stapleton,0.1752,0.0907,0.1075
2018,Governor,CO,10/12/2018,Walker Stapleton,0.1745,0.0907,0.1085
2018,Governor,CO,10/11/2018,Walker Stapleton,0.1756,0.0927,0.1094
2018,Governor,CT,11/6/2018,Bob Stefanowski,0.2213,0.21,0.2069
2018,Governor,CT,11/5/2018,Bob Stefanowski,0.2197,0.2083,0.2063
2018,Governor,CT,11/4/2018,Bob Stefanowski,0.223,0.2144,0.2097
2018,Governor,CT,11/3/2018,Bob Stefanowski,0.2188,0.2082,0.2043
2018,Governor,CT,11/2/2018,Bob Stefanowski,0.2203,0.2079,0.206
2018,Governor,CT,11/1/2018,Bob Stefanowski,0.282,0.2459,0.232
2018,Governor,CT,10/31/2018,Bob Stefanowski,0.2526,0.2195,0.2143
2018,Governor,CT,10/30/2018,Bob Stefanowski,0.319,0.2523,0.2374
2018,Governor,CT,10/29/2018,Bob Stefanowski,0.2357,0.1822,0.1918
2018,Governor,CT,10/28/2018,Bob Stefanowski,0.2369,0.1872,0.1962
2018,Governor,CT,10/27/2018,Bob Stefanowski,0.2387,0.1868,0.1961
2018,Governor,CT,10/26/2018,Bob Stefanowski,0.2318,0.1825,0.1902
2018,Governor,CT,10/25/2018,Bob Stefanowski,0.2323,0.1833,0.1906
2018,Governor,CT,10/24/2018,Bob Stefanowski,0.2324,0.1844,0.19
2018,Governor,CT,10/23/2018,Bob Stefanowski,0.2291,0.1794,0.1862
2018,Governor,CT,10/22/2018,Bob Stefanowski,0.2141,0.1686,0.1784
2018,Governor,CT,10/21/2018,Bob Stefanowski,0.2165,0.172,0.1793
2018,Governor,CT,10/20/2018,Bob Stefanowski,0.2202,0.1773,0.1849
2018,Governor,CT,10/19/2018,Bob Stefanowski,0.2217,0.1757,0.1834
2018,Governor,CT,10/18/2018,Bob Stefanowski,0.2211,0.178,0.186
2018,Governor,CT,10/17/2018,Bob Stefanowski,0.2231,0.1792,0.1848
2018,Governor,CT,10/16/2018,Bob Stefanowski,0.2331,0.1847,0.19
2018,Governor,CT,10/13/2018,Bob Stefanowski,0.1946,0.1457,0.1658
2018,Governor,CT,10/12/2018,Bob Stefanowski,0.1978,0.1489,0.1696
2018,Governor,CT,10/11/2018,Bob Stefanowski,0.1958,0.1479,0.1696
2018,Governor,FL,11/6/2018,Ron DeSantis,0.1872,0.2278,0.2217
2018,Governor,FL,11/5/2018,Ron DeSantis,0.1855,0.2281,0.2222
2018,Governor,FL,11/4/2018,Ron DeSantis,0.2037,0.2431,0.2781
2018,Governor,FL,11/3/2018,Ron DeSantis,0.1971,0.2372,0.2735
2018,Governor,FL,11/2/2018,Ron DeSantis,0.1945,0.2428,0.278
2018,Governor,FL,11/1/2018,Ron DeSantis,0.1955,0.2426,0.2764
2018,Governor,FL,10/31/2018,Ron DeSantis,0.1753,0.2257,0.2629
2018,Governor,FL,10/30/2018,Ron DeSantis,0.1746,0.2236,0.2622
2018,Governor,FL,10/29/2018,Ron DeSantis,0.1714,0.2196,0.2594
2018,Governor,FL,10/28/2018,Ron DeSantis,0.1703,0.2176,0.2596
2018,Governor,FL,10/27/2018,Ron DeSantis,0.167,0.2136,0.2542
2018,Governor,FL,10/26/2018,Ron DeSantis,0.1706,0.2173,0.2564
2018,Governor,FL,10/25/2018,Ron DeSantis,0.1542,0.2009,0.2435
2018,Governor,FL,10/24/2018,Ron DeSantis,0.1507,0.2003,0.2397
2018,Governor,FL,10/23/2018,Ron DeSantis,0.1732,0.2184,0.2548
2018,Governor,FL,10/22/2018,Ron DeSantis,0.1699,0.2142,0.2481
2018,Governor,FL,10/21/2018,Ron DeSantis,0.1838,0.2233,0.2581
2018,Governor,FL,10/20/2018,Ron DeSantis,0.2503,0.2842,0.3016
2018,Governor,FL,10/19/2018,Ron DeSantis,0.2553,0.2879,0.3046
2018,Governor,FL,10/18/2018,Ron DeSantis,0.2598,0.2926,0.3094
2018,Governor,FL,10/17/2018,Ron DeSantis,0.2686,0.2992,0.3128
2018,Governor,FL,10/16/2018,Ron DeSantis,0.2452,0.2822,0.2989
2018,Governor,FL,10/13/2018,Ron DeSantis,0.2548,0.2924,0.3104
2018,Governor,FL,10/12/2018,Ron DeSantis,0.2508,0.288,0.3078
2018,Governor,FL,10/11/2018,Ron DeSantis,0.2547,0.2956,0.3148
2018,Governor,GA,11/6/2018,Brian Kemp,0.6788,0.6776,0.6591
2018,Governor,GA,11/5/2018,Brian Kemp,0.6816,0.6786,0.6609
2018,Governor,GA,11/4/2018,Brian Kemp,0.7008,0.6958,0.6698
2018,Governor,GA,11/3/2018,Brian Kemp,0.5677,0.5824,0.59
2018,Governor,GA,11/2/2018,Brian Kemp,0.5707,0.5734,0.5858
2018,Governor,GA,11/1/2018,Brian Kemp,0.5513,0.5573,0.5735
2018,Governor,GA,10/31/2018,Brian Kemp,0.5681,0.5723,0.5818
2018,Governor,GA,10/30/2018,Brian Kemp,0.5601,0.564,0.5723
2018,Governor,GA,10/29/2018,Brian Kemp,0.5753,0.5761,0.5794
2018,Governor,GA,10/28/2018,Brian Kemp,0.5771,0.5785,0.5828
2018,Governor,GA,10/27/2018,Brian Kemp,0.5775,0.5811,0.5851
2018,Governor,GA,10/26/2018,Brian Kemp,0.5753,0.579,0.5808
2018,Governor,GA,10/25/2018,Brian Kemp,0.5732,0.5779,0.5788
2018,Governor,GA,10/24/2018,Brian Kemp,0.5725,0.5756,0.5746
2018,Governor,GA,10/23/2018,Brian Kemp,0.5509,0.5543,0.5578
2018,Governor,GA,10/22/2018,Brian Kemp,0.5473,0.5555,0.5576
2018,Governor,GA,10/21/2018,Brian Kemp,0.5594,0.5632,0.5654
2018,Governor,GA,10/20/2018,Brian Kemp,0.5604,0.5672,0.5684
2018,Governor,GA,10/19/2018,Brian Kemp,0.5628,0.5685,0.5696
2018,Governor,GA,10/18/2018,Brian Kemp,0.5615,0.5669,0.5667
2018,Governor,GA,10/17/2018,Brian Kemp,0.5616,0.5639,0.5644
2018,Governor,GA,10/16/2018,Brian Kemp,0.534,0.5609,0.5621
2018,Governor,GA,10/13/2018,Brian Kemp,0.5493,0.5738,0.5771
2018,Governor,GA,10/12/2018,Brian Kemp,0.5463,0.5708,0.5751
2018,Governor,GA,10/11/2018,Brian Kemp,0.5414,0.5665,0.5707
2018,Governor,HI,11/6/2018,Andria Tupola,0.0097,0.0015,0.0011
2018,Governor,HI,11/5/2018,Andria Tupola,0.0102,0.0015,0.0011
2018,Governor,HI,11/4/2018,Andria Tupola,0.01,0.0014,0.001
2018,Governor,HI,11/3/2018,Andria Tupola,0.0103,0.0017,0.0012
2018,Governor,HI,11/2/2018,Andria Tupola,0.0105,0.0013,0.001
2018,Governor,HI,11/1/2018,Andria Tupola,0.0103,0.0016,0.0013
2018,Governor,HI,10/31/2018,Andria Tupola,0.012,0.0016,0.0012
2018,Governor,HI,10/30/2018,Andria Tupola,0.0118,0.0017,0.0012
2018,Governor,HI,10/29/2018,Andria Tupola,0.0114,0.0019,0.0015
2018,Governor,HI,10/28/2018,Andria Tupola,0.0109,0.0017,0.0012
2018,Governor,HI,10/27/2018,Andria Tupola,0.0119,0.0019,0.0014
2018,Governor,HI,10/26/2018,Andria Tupola,0.0116,0.0018,0.0013
2018,Governor,HI,10/25/2018,Andria Tupola,0.0114,0.0017,0.0011
2018,Governor,HI,10/24/2018,Andria Tupola,0.0111,0.0017,0.0011
2018,Governor,HI,10/23/2018,Andria Tupola,0.011,0.0018,0.0014
2018,Governor,HI,10/22/2018,Andria Tupola,0.0107,0.0019,0.0012
2018,Governor,HI,10/21/2018,Andria Tupola,0.0116,0.0018,0.0012
2018,Governor,HI,10/20/2018,Andria Tupola,0.0119,0.0019,0.0012
2018,Governor,HI,10/19/2018,Andria Tupola,0.0118,0.0019,0.0013
2018,Governor,HI,10/18/2018,Andria Tupola,0.0108,0.002,0.0015
2018,Governor,HI,10/17/2018,Andria Tupola,0.0153,0.0012,0.0008
2018,Governor,HI,10/16/2018,Andria Tupola,0.0145,0.0011,0.0008
2018,Governor,HI,10/13/2018,Andria Tupola,0.0152,0.0012,0.0009
2018,Governor,HI,10/12/2018,Andria Tupola,0.0148,0.0013,0.001
2018,Governor,HI,10/11/2018,Andria Tupola,0.0162,0.0012,0.001
2018,Governor,IA,11/6/2018,Kim Reynolds,0.4222,0.4268,0.3638
2018,Governor,IA,11/5/2018,Kim Reynolds,0.4324,0.4388,0.3695
2018,Governor,IA,11/4/2018,Kim Reynolds,0.4764,0.4763,0.4442
2018,Governor,IA,11/3/2018,Kim Reynolds,0.4729,0.4724,0.4389
2018,Governor,IA,11/2/2018,Kim Reynolds,0.6122,0.3906,0.3904
2018,Governor,IA,11/1/2018,Kim Reynolds,0.2765,0.1578,0.2221
2018,Governor,IA,10/31/2018,Kim Reynolds,0.27,0.1555,0.2364
2018,Governor,IA,10/30/2018,Kim Reynolds,0.2703,0.1535,0.2369
2018,Governor,IA,10/29/2018,Kim Reynolds,0.268,0.1514,0.2344
2018,Governor,IA,10/28/2018,Kim Reynolds,0.2828,0.158,0.243
2018,Governor,IA,10/27/2018,Kim Reynolds,0.2822,0.1603,0.2413
2018,Governor,IA,10/26/2018,Kim Reynolds,0.2789,0.1568,0.2388
2018,Governor,IA,10/25/2018,Kim Reynolds,0.2827,0.1622,0.2397
2018,Governor,IA,10/24/2018,Kim Reynolds,0.2807,0.1587,0.2402
2018,Governor,IA,10/23/2018,Kim Reynolds,0.2547,0.1464,0.2259
2018,Governor,IA,10/22/2018,Kim Reynolds,0.2525,0.1441,0.224
2018,Governor,IA,10/21/2018,Kim Reynolds,0.2583,0.1476,0.2282
2018,Governor,IA,10/20/2018,Kim Reynolds,0.2606,0.148,0.2301
2018,Governor,IA,10/19/2018,Kim Reynolds,0.2667,0.1519,0.2349
2018,Governor,IA,10/18/2018,Kim Reynolds,0.2659,0.154,0.2342
2018,Governor,IA,10/17/2018,Kim Reynolds,0.2593,0.1498,0.2286
2018,Governor,IA,10/16/2018,Kim Reynolds,0.2633,0.1526,0.2312
2018,Governor,IA,10/13/2018,Kim Reynolds,0.2877,0.1661,0.2475
2018,Governor,IA,10/12/2018,Kim Reynolds,0.285,0.1629,0.2449
2018,Governor,IA,10/11/2018,Kim Reynolds,0.2854,0.1663,0.2481
2018,Governor,ID,11/6/2018,Brad Little,0.9328,0.9826,0.9891
2018,Governor,ID,11/5/2018,Brad Little,0.9331,0.9817,0.9884
2018,Governor,ID,11/4/2018,Brad Little,0.8158,0.9515,0.9716
2018,Governor,ID,11/3/2018,Brad Little,0.825,0.9528,0.9717
2018,Governor,ID,11/2/2018,Brad Little,0.8276,0.9501,0.971
2018,Governor,ID,11/1/2018,Brad Little,0.8232,0.9492,0.9708
2018,Governor,ID,10/31/2018,Brad Little,0.8324,0.9505,0.9712
2018,Governor,ID,10/30/2018,Brad Little,0.8223,0.9477,0.9696
2018,Governor,ID,10/29/2018,Brad Little,0.8301,0.9489,0.9706
2018,Governor,ID,10/28/2018,Brad Little,0.8371,0.9503,0.9712
2018,Governor,ID,10/27/2018,Brad Little,0.8397,0.9491,0.9702
2018,Governor,ID,10/26/2018,Brad Little,0.8411,0.9505,0.9711
2018,Governor,ID,10/25/2018,Brad Little,0.8395,0.9523,0.9712
2018,Governor,ID,10/24/2018,Brad Little,0.8407,0.95,0.9702
2018,Governor,ID,10/23/2018,Brad Little,0.8312,0.9452,0.9672
2018,Governor,ID,10/22/2018,Brad Little,0.8293,0.9454,0.9679
2018,Governor,ID,10/21/2018,Brad Little,0.8498,0.9514,0.9714
2018,Governor,ID,10/20/2018,Brad Little,0.8554,0.9537,0.9726
2018,Governor,ID,10/19/2018,Brad Little,0.8564,0.9536,0.9718
2018,Governor,ID,10/18/2018,Brad Little,0.8551,0.9529,0.9715
2018,Governor,ID,10/17/2018,Brad Little,0.8529,0.9521,0.971
2018,Governor,ID,10/16/2018,Brad Little,0.8478,0.9514,0.9697
2018,Governor,ID,10/13/2018,Brad Little,0.845,0.954,0.9723
2018,Governor,ID,10/12/2018,Brad Little,0.8445,0.9547,0.972
2018,Governor,ID,10/11/2018,Brad Little,0.8313,0.9531,0.9701
2018,Governor,IL,11/6/2018,Bruce Rauner,0.0342,0.1603,0.1241
2018,Governor,IL,11/5/2018,Bruce Rauner,0.0345,0.1611,0.125
2018,Governor,IL,11/4/2018,Bruce Rauner,0.0361,0.1641,0.1247
2018,Governor,IL,11/3/2018,Bruce Rauner,0.0207,0.0867,0.0749
2018,Governor,IL,11/2/2018,Bruce Rauner,0.0188,0.085,0.0729
2018,Governor,IL,11/1/2018,Bruce Rauner,0.0205,0.0872,0.0747
2018,Governor,IL,10/31/2018,Bruce Rauner,0.0206,0.0886,0.0753
2018,Governor,IL,10/30/2018,Bruce Rauner,0.0192,0.0858,0.0727
2018,Governor,IL,10/29/2018,Bruce Rauner,0.0191,0.0862,0.0739
2018,Governor,IL,10/28/2018,Bruce Rauner,0.0185,0.0849,0.0732
2018,Governor,IL,10/27/2018,Bruce Rauner,0.0199,0.0861,0.0746
2018,Governor,IL,10/26/2018,Bruce Rauner,0.0184,0.0844,0.0721
2018,Governor,IL,10/25/2018,Bruce Rauner,0.0189,0.0877,0.0752
2018,Governor,IL,10/24/2018,Bruce Rauner,0.0194,0.0885,0.0748
2018,Governor,IL,10/23/2018,Bruce Rauner,0.0209,0.0881,0.0733
2018,Governor,IL,10/22/2018,Bruce Rauner,0.0197,0.0894,0.0744
2018,Governor,IL,10/21/2018,Bruce Rauner,0.0202,0.0898,0.0748
2018,Governor,IL,10/20/2018,Bruce Rauner,0.0203,0.0884,0.0741
2018,Governor,IL,10/19/2018,Bruce Rauner,0.0213,0.0911,0.0757
2018,Governor,IL,10/18/2018,Bruce Rauner,0.0204,0.0915,0.0763
2018,Governor,IL,10/17/2018,Bruce Rauner,0.0206,0.0909,0.0752
2018,Governor,IL,10/16/2018,Bruce Rauner,0.0215,0.0944,0.0775
2018,Governor,IL,10/13/2018,Bruce Rauner,0.0221,0.0968,0.081
2018,Governor,IL,10/12/2018,Bruce Rauner,0.022,0.0964,0.0797
2018,Governor,IL,10/11/2018,Bruce Rauner,0.0226,0.097,0.0918
2018,Governor,KS,11/6/2018,Kris Kobach,0.4641,0.5715,0.4996
2018,Governor,KS,11/5/2018,Kris Kobach,0.4676,0.5757,0.5025
2018,Governor,KS,11/4/2018,Kris Kobach,0.4716,0.5804,0.5493
2018,Governor,KS,11/3/2018,Kris Kobach,0.4675,0.5762,0.5453
2018,Governor,KS,11/2/2018,Kris Kobach,0.4717,0.5799,0.549
2018,Governor,KS,11/1/2018,Kris Kobach,0.4765,0.582,0.5493
2018,Governor,KS,10/31/2018,Kris Kobach,0.4739,0.5815,0.5778
2018,Governor,KS,10/30/2018,Kris Kobach,0.5234,0.6506,0.621
2018,Governor,KS,10/29/2018,Kris Kobach,0.5029,0.6599,0.6265
2018,Governor,KS,10/28/2018,Kris Kobach,0.5126,0.668,0.6339
2018,Governor,KS,10/27/2018,Kris Kobach,0.5095,0.6698,0.6345
2018,Governor,KS,10/26/2018,Kris Kobach,0.5077,0.6651,0.6292
2018,Governor,KS,10/25/2018,Kris Kobach,0.5163,0.6725,0.633
2018,Governor,KS,10/24/2018,Kris Kobach,0.5147,0.6697,0.6693
2018,Governor,KS,10/23/2018,Kris Kobach,0.5089,0.6654,0.6668
2018,Governor,KS,10/22/2018,Kris Kobach,0.4667,0.6092,0.6269
2018,Governor,KS,10/21/2018,Kris Kobach,0.4798,0.6165,0.6335
2018,Governor,KS,10/20/2018,Kris Kobach,0.4819,0.6208,0.6368
2018,Governor,KS,10/19/2018,Kris Kobach,0.4791,0.6157,0.6307
2018,Governor,KS,10/18/2018,Kris Kobach,0.4828,0.6177,0.6316
2018,Governor,KS,10/17/2018,Kris Kobach,0.4765,0.6177,0.6331
2018,Governor,KS,10/16/2018,Kris Kobach,0.4805,0.6219,0.6369
2018,Governor,KS,10/13/2018,Kris Kobach,0.5084,0.6396,0.6516
2018,Governor,KS,10/12/2018,Kris Kobach,0.5107,0.6422,0.6556
2018,Governor,KS,10/11/2018,Kris Kobach,0.5063,0.6353,0.6483
2018,Governor,MA,11/6/2018,Charlie Baker,0.9991,0.9992,0.9995
2018,Governor,MA,11/5/2018,Charlie Baker,0.9993,0.9993,0.9995
2018,Governor,MA,11/4/2018,Charlie Baker,0.9992,0.9993,0.9995
2018,Governor,MA,11/3/2018,Charlie Baker,0.9992,0.9993,0.9996
2018,Governor,MA,11/2/2018,Charlie Baker,0.999,0.9992,0.9995
2018,Governor,MA,11/1/2018,Charlie Baker,0.999,0.9992,0.9995
2018,Governor,MA,10/31/2018,Charlie Baker,0.9987,0.9988,0.9992
2018,Governor,MA,10/30/2018,Charlie Baker,0.9974,0.9976,0.9983
2018,Governor,MA,10/29/2018,Charlie Baker,0.9978,0.998,0.9985
2018,Governor,MA,10/28/2018,Charlie Baker,0.9968,0.9976,0.9984
2018,Governor,MA,10/27/2018,Charlie Baker,0.9973,0.9979,0.9985
2018,Governor,MA,10/26/2018,Charlie Baker,0.9969,0.9976,0.9983
2018,Governor,MA,10/25/2018,Charlie Baker,0.9971,0.9977,0.9982
2018,Governor,MA,10/24/2018,Charlie Baker,0.9969,0.9975,0.9981
2018,Governor,MA,10/23/2018,Charlie Baker,0.997,0.9975,0.998
2018,Governor,MA,10/22/2018,Charlie Baker,0.9964,0.9969,0.9977
2018,Governor,MA,10/21/2018,Charlie Baker,0.9972,0.9978,0.9985
2018,Governor,MA,10/20/2018,Charlie Baker,0.997,0.9976,0.9982
2018,Governor,MA,10/19/2018,Charlie Baker,0.9969,0.9975,0.9981
2018,Governor,MA,10/18/2018,Charlie Baker,0.9967,0.9973,0.9981
2018,Governor,MA,10/17/2018,Charlie Baker,0.9967,0.9975,0.9982
2018,Governor,MA,10/16/2018,Charlie Baker,0.9972,0.9975,0.998
2018,Governor,MA,10/13/2018,Charlie Baker,0.9973,0.9974,0.998
2018,Governor,MA,10/12/2018,Charlie Baker,0.9973,0.9977,0.9983
2018,Governor,MA,10/11/2018,Charlie Baker,0.9971,0.9975,0.9979
2018,Governor,MD,11/6/2018,Larry Hogan,0.9848,0.9927,0.9868
2018,Governor,MD,11/5/2018,Larry Hogan,0.9851,0.9926,0.9871
2018,Governor,MD,11/4/2018,Larry Hogan,0.9864,0.9932,0.9872
2018,Governor,MD,11/3/2018,Larry Hogan,0.9852,0.9927,0.9869
2018,Governor,MD,11/2/2018,Larry Hogan,0.9855,0.9932,0.9868
2018,Governor,MD,11/1/2018,Larry Hogan,0.9848,0.9931,0.986
2018,Governor,MD,10/31/2018,Larry Hogan,0.984,0.9918,0.9854
2018,Governor,MD,10/30/2018,Larry Hogan,0.9833,0.9915,0.9851
2018,Governor,MD,10/29/2018,Larry Hogan,0.9834,0.9925,0.9853
2018,Governor,MD,10/28/2018,Larry Hogan,0.9844,0.9921,0.9859
2018,Governor,MD,10/27/2018,Larry Hogan,0.9839,0.9924,0.9858
2018,Governor,MD,10/26/2018,Larry Hogan,0.9824,0.9913,0.9838
2018,Governor,MD,10/25/2018,Larry Hogan,0.9845,0.9925,0.9858
2018,Governor,MD,10/24/2018,Larry Hogan,0.9833,0.9912,0.984
2018,Governor,MD,10/23/2018,Larry Hogan,0.9812,0.9907,0.9827
2018,Governor,MD,10/22/2018,Larry Hogan,0.9821,0.9904,0.9832
2018,Governor,MD,10/21/2018,Larry Hogan,0.9819,0.9906,0.9827
2018,Governor,MD,10/20/2018,Larry Hogan,0.983,0.9915,0.9836
2018,Governor,MD,10/19/2018,Larry Hogan,0.9831,0.9912,0.9839
2018,Governor,MD,10/18/2018,Larry Hogan,0.9833,0.9915,0.9836
2018,Governor,MD,10/17/2018,Larry Hogan,0.9834,0.992,0.9837
2018,Governor,MD,10/16/2018,Larry Hogan,0.9823,0.9905,0.9825
2018,Governor,MD,10/13/2018,Larry Hogan,0.9847,0.9914,0.9836
2018,Governor,MD,10/12/2018,Larry Hogan,0.9851,0.9916,0.9844
2018,Governor,MD,10/11/2018,Larry Hogan,0.9856,0.9918,0.9844
2018,Governor,ME,11/6/2018,Shawn Moody,0.1121,0.0535,0.1025
2018,Governor,ME,11/5/2018,Shawn Moody,0.1116,0.0533,0.1027
2018,Governor,ME,11/4/2018,Shawn Moody,0.1177,0.0559,0.1269
2018,Governor,ME,11/3/2018,Shawn Moody,0.1138,0.0555,0.1263
2018,Governor,ME,11/2/2018,Shawn Moody,0.1148,0.0598,0.13
2018,Governor,ME,11/1/2018,Shawn Moody,0.1669,0.0882,0.1605
2018,Governor,ME,10/31/2018,Shawn Moody,0.1602,0.0859,0.1576
2018,Governor,ME,10/30/2018,Shawn Moody,0.1865,0.0974,0.1675
2018,Governor,ME,10/29/2018,Shawn Moody,0.1845,0.098,0.1692
2018,Governor,ME,10/28/2018,Shawn Moody,0.1896,0.0981,0.171
2018,Governor,ME,10/27/2018,Shawn Moody,0.1868,0.0992,0.1703
2018,Governor,ME,10/26/2018,Shawn Moody,0.1858,0.0974,0.1684
2018,Governor,ME,10/25/2018,Shawn Moody,0.187,0.0987,0.1678
2018,Governor,ME,10/24/2018,Shawn Moody,0.1872,0.1,0.1684
2018,Governor,ME,10/23/2018,Shawn Moody,0.177,0.0923,0.1619
2018,Governor,ME,10/22/2018,Shawn Moody,0.1674,0.0893,0.1549
2018,Governor,ME,10/21/2018,Shawn Moody,0.1776,0.0937,0.1631
2018,Governor,ME,10/20/2018,Shawn Moody,0.1802,0.0953,0.166
2018,Governor,ME,10/19/2018,Shawn Moody,0.1791,0.0959,0.1644
2018,Governor,ME,10/18/2018,Shawn Moody,0.1996,0.0801,0.152
2018,Governor,ME,10/17/2018,Shawn Moody,0.1956,0.082,0.1499
2018,Governor,ME,10/16/2018,Shawn Moody,0.197,0.081,0.1519
2018,Governor,ME,10/13/2018,Shawn Moody,0.2568,0.107,0.1782
2018,Governor,ME,10/12/2018,Shawn Moody,0.401,0.1433,0.2126
2018,Governor,ME,10/11/2018,Shawn Moody,0.3977,0.1426,0.2119
2018,Governor,MI,11/6/2018,Bill Schuette,0.0727,0.0687,0.0676
2018,Governor,MI,11/5/2018,Bill Schuette,0.0722,0.0678,0.0671
2018,Governor,MI,11/4/2018,Bill Schuette,0.0849,0.0725,0.0706
2018,Governor,MI,11/3/2018,Bill Schuette,0.0583,0.05,0.0555
2018,Governor,MI,11/2/2018,Bill Schuette,0.0599,0.0538,0.059
2018,Governor,MI,11/1/2018,Bill Schuette,0.0625,0.0554,0.0597
2018,Governor,MI,10/31/2018,Bill Schuette,0.0602,0.0541,0.059
2018,Governor,MI,10/30/2018,Bill Schuette,0.0577,0.0522,0.0564
2018,Governor,MI,10/29/2018,Bill Schuette,0.0566,0.0518,0.0557
2018,Governor,MI,10/28/2018,Bill Schuette,0.0841,0.0603,0.0664
2018,Governor,MI,10/27/2018,Bill Schuette,0.0813,0.0594,0.0642
2018,Governor,MI,10/26/2018,Bill Schuette,0.083,0.0602,0.0648
2018,Governor,MI,10/25/2018,Bill Schuette,0.0724,0.054,0.0594
2018,Governor,MI,10/24/2018,Bill Schuette,0.0612,0.0362,0.0471
2018,Governor,MI,10/23/2018,Bill Schuette,0.0627,0.0392,0.0489
2018,Governor,MI,10/22/2018,Bill Schuette,0.0601,0.0368,0.0469
2018,Governor,MI,10/21/2018,Bill Schuette,0.0619,0.0438,0.0516
2018,Governor,MI,10/20/2018,Bill Schuette,0.0641,0.0447,0.0529
2018,Governor,MI,10/19/2018,Bill Schuette,0.0645,0.0462,0.0542
2018,Governor,MI,10/18/2018,Bill Schuette,0.0671,0.0475,0.0554
2018,Governor,MI,10/17/2018,Bill Schuette,0.0639,0.0459,0.0539
2018,Governor,MI,10/16/2018,Bill Schuette,0.0647,0.0467,0.0539
2018,Governor,MI,10/13/2018,Bill Schuette,0.0694,0.0502,0.0582
2018,Governor,MI,10/12/2018,Bill Schuette,0.0684,0.0503,0.0576
2018,Governor,MI,10/11/2018,Bill Schuette,0.0691,0.0514,0.065
2018,Governor,MN,11/6/2018,Jeff Johnson,0.0961,0.0693,0.0601
2018,Governor,MN,11/5/2018,Jeff Johnson,0.0966,0.0713,0.0617
2018,Governor,MN,11/4/2018,Jeff Johnson,0.1496,0.0999,0.0824
2018,Governor,MN,11/3/2018,Jeff Johnson,0.1413,0.0921,0.0778
2018,Governor,MN,11/2/2018,Jeff Johnson,0.1465,0.0953,0.0792
2018,Governor,MN,11/1/2018,Jeff Johnson,0.1408,0.0914,0.0761
2018,Governor,MN,10/31/2018,Jeff Johnson,0.1486,0.1029,0.0844
2018,Governor,MN,10/30/2018,Jeff Johnson,0.1394,0.0978,0.0798
2018,Governor,MN,10/29/2018,Jeff Johnson,0.1396,0.0976,0.0801
2018,Governor,MN,10/28/2018,Jeff Johnson,0.1439,0.0998,0.0825
2018,Governor,MN,10/27/2018,Jeff Johnson,0.1433,0.1008,0.0825
2018,Governor,MN,10/26/2018,Jeff Johnson,0.1435,0.1006,0.0819
2018,Governor,MN,10/25/2018,Jeff Johnson,0.1447,0.1029,0.0837
2018,Governor,MN,10/24/2018,Jeff Johnson,0.15,0.106,0.0862
2018,Governor,MN,10/23/2018,Jeff Johnson,0.1458,0.1046,0.0844
2018,Governor,MN,10/22/2018,Jeff Johnson,0.1368,0.0975,0.0779
2018,Governor,MN,10/21/2018,Jeff Johnson,0.1468,0.1055,0.0846
2018,Governor,MN,10/20/2018,Jeff Johnson,0.1323,0.0811,0.0693
2018,Governor,MN,10/19/2018,Jeff Johnson,0.1327,0.0809,0.0693
2018,Governor,MN,10/18/2018,Jeff Johnson,0.1366,0.0853,0.0729
2018,Governor,MN,10/17/2018,Jeff Johnson,0.1346,0.0832,0.0708
2018,Governor,MN,10/16/2018,Jeff Johnson,0.1338,0.0847,0.0723
2018,Governor,MN,10/13/2018,Jeff Johnson,0.0842,0.0469,0.0482
2018,Governor,MN,10/12/2018,Jeff Johnson,0.084,0.0482,0.0501
2018,Governor,MN,10/11/2018,Jeff Johnson,0.0818,0.0466,0.0585
2018,Governor,NE,11/6/2018,Pete Ricketts,0.9805,0.9906,0.992
2018,Governor,NE,11/5/2018,Pete Ricketts,0.9788,0.9901,0.9917
2018,Governor,NE,11/4/2018,Pete Ricketts,0.9767,0.9905,0.9914
2018,Governor,NE,11/3/2018,Pete Ricketts,0.9723,0.9897,0.991
2018,Governor,NE,11/2/2018,Pete Ricketts,0.9738,0.9924,0.9934
2018,Governor,NE,11/1/2018,Pete Ricketts,0.974,0.9924,0.9935
2018,Governor,NE,10/31/2018,Pete Ricketts,0.9734,0.9918,0.9929
2018,Governor,NE,10/30/2018,Pete Ricketts,0.9693,0.9923,0.9934
2018,Governor,NE,10/29/2018,Pete Ricketts,0.9678,0.9918,0.9929
2018,Governor,NE,10/28/2018,Pete Ricketts,0.9708,0.9919,0.9928
2018,Governor,NE,10/27/2018,Pete Ricketts,0.9726,0.9918,0.9926
2018,Governor,NE,10/26/2018,Pete Ricketts,0.9723,0.9919,0.9928
2018,Governor,NE,10/25/2018,Pete Ricketts,0.9722,0.9926,0.9935
2018,Governor,NE,10/24/2018,Pete Ricketts,0.97,0.9911,0.992
2018,Governor,NE,10/23/2018,Pete Ricketts,0.9661,0.9905,0.9915
2018,Governor,NE,10/22/2018,Pete Ricketts,0.9684,0.991,0.992
2018,Governor,NE,10/21/2018,Pete Ricketts,0.9699,0.9911,0.9918
2018,Governor,NE,10/20/2018,Pete Ricketts,0.973,0.9906,0.9912
2018,Governor,NE,10/19/2018,Pete Ricketts,0.9728,0.9909,0.9916
2018,Governor,NE,10/18/2018,Pete Ricketts,0.9734,0.9915,0.9923
2018,Governor,NE,10/17/2018,Pete Ricketts,0.9733,0.9911,0.9919
2018,Governor,NE,10/16/2018,Pete Ricketts,0.9732,0.9917,0.9925
2018,Governor,NE,10/13/2018,Pete Ricketts,0.971,0.9915,0.9923
2018,Governor,NE,10/12/2018,Pete Ricketts,0.9713,0.9917,0.9924
2018,Governor,NE,10/11/2018,Pete Ricketts,0.9665,0.9908,0.9917
2018,Governor,NH,11/6/2018,Chris Sununu,0.7668,0.8601,0.852
2018,Governor,NH,11/5/2018,Chris Sununu,0.7667,0.8589,0.8497
2018,Governor,NH,11/4/2018,Chris Sununu,0.86,0.9118,0.8878
2018,Governor,NH,11/3/2018,Chris Sununu,0.8563,0.9058,0.8825
2018,Governor,NH,11/2/2018,Chris Sununu,0.8598,0.9082,0.885
2018,Governor,NH,11/1/2018,Chris Sununu,0.8945,0.941,0.911
2018,Governor,NH,10/31/2018,Chris Sununu,0.8907,0.9373,0.9074
2018,Governor,NH,10/30/2018,Chris Sununu,0.9403,0.9681,0.9346
2018,Governor,NH,10/29/2018,Chris Sununu,0.9401,0.9674,0.935
2018,Governor,NH,10/28/2018,Chris Sununu,0.9459,0.9711,0.9408
2018,Governor,NH,10/27/2018,Chris Sununu,0.9437,0.97,0.9381
2018,Governor,NH,10/26/2018,Chris Sununu,0.9449,0.9699,0.9381
2018,Governor,NH,10/25/2018,Chris Sununu,0.9444,0.9698,0.9476
2018,Governor,NH,10/24/2018,Chris Sununu,0.9415,0.9671,0.9444
2018,Governor,NH,10/23/2018,Chris Sununu,0.9412,0.969,0.9448
2018,Governor,NH,10/22/2018,Chris Sununu,0.9404,0.9669,0.9429
2018,Governor,NH,10/21/2018,Chris Sununu,0.9427,0.9683,0.9446
2018,Governor,NH,10/20/2018,Chris Sununu,0.9442,0.9693,0.9455
2018,Governor,NH,10/19/2018,Chris Sununu,0.9452,0.9694,0.9459
2018,Governor,NH,10/18/2018,Chris Sununu,0.9423,0.9733,0.9497
2018,Governor,NH,10/17/2018,Chris Sununu,0.9401,0.9731,0.9476
2018,Governor,NH,10/16/2018,Chris Sununu,0.9406,0.9785,0.9537
2018,Governor,NH,10/13/2018,Chris Sununu,0.8968,0.9769,0.9509
2018,Governor,NH,10/12/2018,Chris Sununu,0.8998,0.9767,0.9518
2018,Governor,NH,10/11/2018,Chris Sununu,0.8985,0.9781,0.9514
2018,Governor,NM,11/6/2018,Steve Pearce,0.0713,0.0597,0.0733
2018,Governor,NM,11/5/2018,Steve Pearce,0.0717,0.059,0.073
2018,Governor,NM,11/4/2018,Steve Pearce,0.0837,0.0728,0.0814
2018,Governor,NM,11/3/2018,Steve Pearce,0.1123,0.0862,0.0939
2018,Governor,NM,11/2/2018,Steve Pearce,0.1164,0.0907,0.0968
2018,Governor,NM,11/1/2018,Steve Pearce,0.1183,0.0924,0.0978
2018,Governor,NM,10/31/2018,Steve Pearce,0.1044,0.0732,0.085
2018,Governor,NM,10/30/2018,Steve Pearce,0.1027,0.0716,0.082
2018,Governor,NM,10/29/2018,Steve Pearce,0.102,0.0713,0.0809
2018,Governor,NM,10/28/2018,Steve Pearce,0.1473,0.0891,0.1
2018,Governor,NM,10/27/2018,Steve Pearce,0.1813,0.089,0.1037
2018,Governor,NM,10/26/2018,Steve Pearce,0.1806,0.0956,0.1067
2018,Governor,NM,10/25/2018,Steve Pearce,0.2007,0.137,0.1303
2018,Governor,NM,10/24/2018,Steve Pearce,0.1944,0.1337,0.127
2018,Governor,NM,10/23/2018,Steve Pearce,0.1852,0.1265,0.1219
2018,Governor,NM,10/22/2018,Steve Pearce,0.1786,0.1223,0.1177
2018,Governor,NM,10/21/2018,Steve Pearce,0.1886,0.1304,0.1247
2018,Governor,NM,10/20/2018,Steve Pearce,0.1946,0.1338,0.1279
2018,Governor,NM,10/19/2018,Steve Pearce,0.1883,0.1298,0.1239
2018,Governor,NM,10/18/2018,Steve Pearce,0.1908,0.1323,0.1262
2018,Governor,NM,10/17/2018,Steve Pearce,0.1943,0.1361,0.1295
2018,Governor,NM,10/16/2018,Steve Pearce,0.1945,0.1339,0.127
2018,Governor,NM,10/13/2018,Steve Pearce,0.2068,0.1453,0.1383
2018,Governor,NM,10/12/2018,Steve Pearce,0.2033,0.1431,0.136
2018,Governor,NM,10/11/2018,Steve Pearce,0.2058,0.1441,0.1364
2018,Governor,NV,11/6/2018,Adam Laxalt,0.4751,0.4848,0.3999
2018,Governor,NV,11/5/2018,Adam Laxalt,0.4805,0.4886,0.4033
2018,Governor,NV,11/4/2018,Adam Laxalt,0.526,0.5307,0.4808
2018,Governor,NV,11/3/2018,Adam Laxalt,0.5402,0.5435,0.4866
2018,Governor,NV,11/2/2018,Adam Laxalt,0.5343,0.5395,0.486
2018,Governor,NV,11/1/2018,Adam Laxalt,0.5312,0.5368,0.4848
2018,Governor,NV,10/31/2018,Adam Laxalt,0.5983,0.5941,0.5211
2018,Governor,NV,10/30/2018,Adam Laxalt,0.5909,0.5874,0.5162
2018,Governor,NV,10/29/2018,Adam Laxalt,0.5847,0.5813,0.509
2018,Governor,NV,10/28/2018,Adam Laxalt,0.5984,0.5951,0.5232
2018,Governor,NV,10/27/2018,Adam Laxalt,0.5993,0.5965,0.5232
2018,Governor,NV,10/26/2018,Adam Laxalt,0.5946,0.5917,0.5151
2018,Governor,NV,10/25/2018,Adam Laxalt,0.5988,0.5953,0.5207
2018,Governor,NV,10/24/2018,Adam Laxalt,0.5888,0.5843,0.5091
2018,Governor,NV,10/23/2018,Adam Laxalt,0.5314,0.5371,0.4749
2018,Governor,NV,10/22/2018,Adam Laxalt,0.5299,0.5343,0.471
2018,Governor,NV,10/21/2018,Adam Laxalt,0.5396,0.5429,0.4795
2018,Governor,NV,10/20/2018,Adam Laxalt,0.5395,0.5442,0.4849
2018,Governor,NV,10/19/2018,Adam Laxalt,0.5401,0.5432,0.4799
2018,Governor,NV,10/18/2018,Adam Laxalt,0.5427,0.5469,0.482
2018,Governor,NV,10/17/2018,Adam Laxalt,0.5566,0.5603,0.4915
2018,Governor,NV,10/16/2018,Adam Laxalt,0.5579,0.5584,0.4904
2018,Governor,NV,10/13/2018,Adam Laxalt,0.4985,0.5117,0.4635
2018,Governor,NV,10/12/2018,Adam Laxalt,0.4948,0.5082,0.4639
2018,Governor,NV,10/11/2018,Adam Laxalt,0.5001,0.5126,0.4679
2018,Governor,NY,11/6/2018,Marc Molinaro,0.0162,0.0073,0.0048
2018,Governor,NY,11/5/2018,Marc Molinaro,0.0166,0.0075,0.0052
2018,Governor,NY,11/4/2018,Marc Molinaro,0.0157,0.0076,0.0043
2018,Governor,NY,11/3/2018,Marc Molinaro,0.005,0.0025,0.0018
2018,Governor,NY,11/2/2018,Marc Molinaro,0.0045,0.0024,0.0017
2018,Governor,NY,11/1/2018,Marc Molinaro,0.0047,0.0028,0.0017
2018,Governor,NY,10/31/2018,Marc Molinaro,0.0048,0.0026,0.0017
2018,Governor,NY,10/30/2018,Marc Molinaro,0.0053,0.0028,0.0021
2018,Governor,NY,10/29/2018,Marc Molinaro,0.0053,0.0029,0.0017
2018,Governor,NY,10/28/2018,Marc Molinaro,0.0053,0.003,0.0021
2018,Governor,NY,10/27/2018,Marc Molinaro,0.0052,0.0026,0.0018
2018,Governor,NY,10/26/2018,Marc Molinaro,0.0055,0.0033,0.0023
2018,Governor,NY,10/25/2018,Marc Molinaro,0.0052,0.0026,0.0018
2018,Governor,NY,10/24/2018,Marc Molinaro,0.0049,0.0023,0.0015
2018,Governor,NY,10/23/2018,Marc Molinaro,0.0042,0.0024,0.0014
2018,Governor,NY,10/22/2018,Marc Molinaro,0.0053,0.0031,0.0021
2018,Governor,NY,10/21/2018,Marc Molinaro,0.0046,0.0027,0.002
2018,Governor,NY,10/20/2018,Marc Molinaro,0.005,0.0029,0.002
2018,Governor,NY,10/19/2018,Marc Molinaro,0.0049,0.0026,0.0017
2018,Governor,NY,10/18/2018,Marc Molinaro,0.0047,0.0029,0.002
2018,Governor,NY,10/17/2018,Marc Molinaro,0.0103,0.0031,0.0023
2018,Governor,NY,10/16/2018,Marc Molinaro,0.0106,0.0034,0.0026
2018,Governor,NY,10/13/2018,Marc Molinaro,0.0106,0.0036,0.0028
2018,Governor,NY,10/12/2018,Marc Molinaro,0.0093,0.0033,0.0024
2018,Governor,NY,10/11/2018,Marc Molinaro,0.011,0.0035,0.0026
2018,Governor,OH,11/6/2018,Mike DeWine,0.3348,0.4051,0.3806
2018,Governor,OH,11/5/2018,Mike DeWine,0.3311,0.4011,0.3775
2018,Governor,OH,11/4/2018,Mike DeWine,0.3706,0.4438,0.4535
2018,Governor,OH,11/3/2018,Mike DeWine,0.3708,0.4413,0.451
2018,Governor,OH,11/2/2018,Mike DeWine,0.3722,0.4432,0.4521
2018,Governor,OH,11/1/2018,Mike DeWine,0.4296,0.4968,0.4886
2018,Governor,OH,10/31/2018,Mike DeWine,0.4475,0.5187,0.5347
2018,Governor,OH,10/30/2018,Mike DeWine,0.4371,0.5091,0.5248
2018,Governor,OH,10/29/2018,Mike DeWine,0.5351,0.5757,0.5715
2018,Governor,OH,10/28/2018,Mike DeWine,0.5421,0.5794,0.5745
2018,Governor,OH,10/27/2018,Mike DeWine,0.5414,0.5819,0.5769
2018,Governor,OH,10/26/2018,Mike DeWine,0.5376,0.5782,0.572
2018,Governor,OH,10/25/2018,Mike DeWine,0.5405,0.5813,0.5735
2018,Governor,OH,10/24/2018,Mike DeWine,0.539,0.5787,0.5692
2018,Governor,OH,10/23/2018,Mike DeWine,0.5186,0.5617,0.5555
2018,Governor,OH,10/22/2018,Mike DeWine,0.5179,0.5588,0.5513
2018,Governor,OH,10/21/2018,Mike DeWine,0.5279,0.5684,0.5604
2018,Governor,OH,10/20/2018,Mike DeWine,0.532,0.5715,0.5618
2018,Governor,OH,10/19/2018,Mike DeWine,0.5306,0.5695,0.5604
2018,Governor,OH,10/18/2018,Mike DeWine,0.5397,0.5795,0.5689
2018,Governor,OH,10/17/2018,Mike DeWine,0.5335,0.5753,0.564
2018,Governor,OH,10/16/2018,Mike DeWine,0.5321,0.5749,0.5629
2018,Governor,OH,10/13/2018,Mike DeWine,0.5563,0.5968,0.5836
2018,Governor,OH,10/12/2018,Mike DeWine,0.5545,0.594,0.581
2018,Governor,OH,10/11/2018,Mike DeWine,0.5505,0.5907,0.5787
2018,Governor,OK,11/6/2018,Kevin Stitt,0.7202,0.8569,0.8257
2018,Governor,OK,11/5/2018,Kevin Stitt,0.7209,0.8574,0.8259
2018,Governor,OK,11/4/2018,Kevin Stitt,0.7254,0.8551,0.823
2018,Governor,OK,11/3/2018,Kevin Stitt,0.7514,0.8576,0.8255
2018,Governor,OK,11/2/2018,Kevin Stitt,0.7545,0.8601,0.8278
2018,Governor,OK,11/1/2018,Kevin Stitt,0.7516,0.8571,0.8236
2018,Governor,OK,10/31/2018,Kevin Stitt,0.7547,0.8566,0.8236
2018,Governor,OK,10/30/2018,Kevin Stitt,0.7582,0.8592,0.8226
2018,Governor,OK,10/29/2018,Kevin Stitt,0.7144,0.8572,0.82
2018,Governor,OK,10/28/2018,Kevin Stitt,0.7158,0.8594,0.8199
2018,Governor,OK,10/27/2018,Kevin Stitt,0.7189,0.8612,0.8231
2018,Governor,OK,10/26/2018,Kevin Stitt,0.7147,0.8581,0.8174
2018,Governor,OK,10/25/2018,Kevin Stitt,0.7173,0.8589,0.8463
2018,Governor,OK,10/24/2018,Kevin Stitt,0.7117,0.8544,0.8412
2018,Governor,OK,10/23/2018,Kevin Stitt,0.6527,0.8009,0.8054
2018,Governor,OK,10/22/2018,Kevin Stitt,0.6519,0.8001,0.8044
2018,Governor,OK,10/21/2018,Kevin Stitt,0.6541,0.8017,0.8052
2018,Governor,OK,10/20/2018,Kevin Stitt,0.657,0.8042,0.807
2018,Governor,OK,10/19/2018,Kevin Stitt,0.6593,0.8068,0.8101
2018,Governor,OK,10/18/2018,Kevin Stitt,0.6601,0.8064,0.8094
2018,Governor,OK,10/17/2018,Kevin Stitt,0.6559,0.8054,0.8073
2018,Governor,OK,10/16/2018,Kevin Stitt,0.6632,0.8051,0.8078
2018,Governor,OK,10/13/2018,Kevin Stitt,0.6683,0.809,0.8121
2018,Governor,OK,10/12/2018,Kevin Stitt,0.6716,0.8113,0.8148
2018,Governor,OK,10/11/2018,Kevin Stitt,0.673,0.813,0.8167
2018,Governor,OR,11/6/2018,Knute Buehler,0.3052,0.1766,0.2007
2018,Governor,OR,11/5/2018,Knute Buehler,0.3063,0.1781,0.2028
2018,Governor,OR,11/4/2018,Knute Buehler,0.3093,0.1824,0.24
2018,Governor,OR,11/3/2018,Knute Buehler,0.3097,0.1851,0.2419
2018,Governor,OR,11/2/2018,Knute Buehler,0.3101,0.1807,0.2379
2018,Governor,OR,11/1/2018,Knute Buehler,0.319,0.1852,0.2422
2018,Governor,OR,10/31/2018,Knute Buehler,0.3132,0.1818,0.2263
2018,Governor,OR,10/30/2018,Knute Buehler,0.2731,0.134,0.1887
2018,Governor,OR,10/29/2018,Knute Buehler,0.2974,0.1444,0.1966
2018,Governor,OR,10/28/2018,Knute Buehler,0.2969,0.1447,0.1968
2018,Governor,OR,10/27/2018,Knute Buehler,0.3023,0.1484,0.1998
2018,Governor,OR,10/26/2018,Knute Buehler,0.3004,0.1482,0.2002
2018,Governor,OR,10/25/2018,Knute Buehler,0.3008,0.1505,0.1997
2018,Governor,OR,10/24/2018,Knute Buehler,0.3017,0.1487,0.1709
2018,Governor,OR,10/23/2018,Knute Buehler,0.2951,0.1427,0.1667
2018,Governor,OR,10/22/2018,Knute Buehler,0.2877,0.1425,0.1637
2018,Governor,OR,10/21/2018,Knute Buehler,0.2933,0.1437,0.1654
2018,Governor,OR,10/20/2018,Knute Buehler,0.2949,0.1471,0.1687
2018,Governor,OR,10/19/2018,Knute Buehler,0.2983,0.1473,0.1689
2018,Governor,OR,10/18/2018,Knute Buehler,0.2942,0.1474,0.1677
2018,Governor,OR,10/17/2018,Knute Buehler,0.2996,0.1508,0.1715
2018,Governor,OR,10/16/2018,Knute Buehler,0.2536,0.1203,0.1476
2018,Governor,OR,10/13/2018,Knute Buehler,0.2616,0.1098,0.1198
2018,Governor,OR,10/12/2018,Knute Buehler,0.2628,0.1079,0.1192
2018,Governor,OR,10/11/2018,Knute Buehler,0.2638,0.1102,0.1211
2018,Governor,PA,11/6/2018,Scott Wagner,0.0117,0.0095,0.0077
2018,Governor,PA,11/5/2018,Scott Wagner,0.0126,0.01,0.0082
2018,Governor,PA,11/4/2018,Scott Wagner,0.0097,0.0041,0.0047
2018,Governor,PA,11/3/2018,Scott Wagner,0.0102,0.0034,0.0046
2018,Governor,PA,11/2/2018,Scott Wagner,0.0104,0.0038,0.0048
2018,Governor,PA,11/1/2018,Scott Wagner,0.0194,0.0056,0.0063
2018,Governor,PA,10/31/2018,Scott Wagner,0.0167,0.0114,0.0096
2018,Governor,PA,10/30/2018,Scott Wagner,0.0156,0.0107,0.0088
2018,Governor,PA,10/29/2018,Scott Wagner,0.015,0.0105,0.0088
2018,Governor,PA,10/28/2018,Scott Wagner,0.0154,0.0111,0.0092
2018,Governor,PA,10/27/2018,Scott Wagner,0.0153,0.0117,0.0099
2018,Governor,PA,10/26/2018,Scott Wagner,0.0153,0.0113,0.0095
2018,Governor,PA,10/25/2018,Scott Wagner,0.0149,0.0107,0.0085
2018,Governor,PA,10/24/2018,Scott Wagner,0.0152,0.0116,0.0097
2018,Governor,PA,10/23/2018,Scott Wagner,0.0147,0.0111,0.009
2018,Governor,PA,10/22/2018,Scott Wagner,0.0142,0.0108,0.0092
2018,Governor,PA,10/21/2018,Scott Wagner,0.0158,0.0116,0.0096
2018,Governor,PA,10/20/2018,Scott Wagner,0.0158,0.0117,0.0097
2018,Governor,PA,10/19/2018,Scott Wagner,0.0162,0.012,0.0099
2018,Governor,PA,10/18/2018,Scott Wagner,0.0165,0.0123,0.0102
2018,Governor,PA,10/17/2018,Scott Wagner,0.0153,0.0111,0.0087
2018,Governor,PA,10/16/2018,Scott Wagner,0.016,0.0116,0.0093
2018,Governor,PA,10/13/2018,Scott Wagner,0.0129,0.0099,0.0083
2018,Governor,PA,10/12/2018,Scott Wagner,0.0131,0.0104,0.0091
2018,Governor,PA,10/11/2018,Scott Wagner,0.0129,0.0098,0.0084
2018,Governor,RI,11/6/2018,Allan Fung,0.103,0.0213,0.0454
2018,Governor,RI,11/5/2018,Allan Fung,0.1013,0.0208,0.0446
2018,Governor,RI,11/4/2018,Allan Fung,0.0901,0.0203,0.0431
2018,Governor,RI,11/3/2018,Allan Fung,0.0905,0.0191,0.0415
2018,Governor,RI,11/2/2018,Allan Fung,0.0918,0.0197,0.0415
2018,Governor,RI,11/1/2018,Allan Fung,0.0962,0.0215,0.0443
2018,Governor,RI,10/31/2018,Allan Fung,0.0962,0.02,0.0443
2018,Governor,RI,10/30/2018,Allan Fung,0.0972,0.0216,0.0446
2018,Governor,RI,10/29/2018,Allan Fung,0.0971,0.0205,0.0433
2018,Governor,RI,10/28/2018,Allan Fung,0.1177,0.0254,0.0494
2018,Governor,RI,10/27/2018,Allan Fung,0.1193,0.0262,0.0498
2018,Governor,RI,10/26/2018,Allan Fung,0.1165,0.0261,0.0488
2018,Governor,RI,10/25/2018,Allan Fung,0.1206,0.0268,0.0506
2018,Governor,RI,10/24/2018,Allan Fung,0.1199,0.0268,0.0582
2018,Governor,RI,10/23/2018,Allan Fung,0.1122,0.0254,0.0556
2018,Governor,RI,10/22/2018,Allan Fung,0.1144,0.0257,0.0562
2018,Governor,RI,10/21/2018,Allan Fung,0.1197,0.0272,0.0563
2018,Governor,RI,10/20/2018,Allan Fung,0.1203,0.0277,0.0572
2018,Governor,RI,10/19/2018,Allan Fung,0.1221,0.028,0.0583
2018,Governor,RI,10/18/2018,Allan Fung,0.1183,0.0276,0.0584
2018,Governor,RI,10/17/2018,Allan Fung,0.1159,0.028,0.0591
2018,Governor,RI,10/16/2018,Allan Fung,0.1185,0.0279,0.0573
2018,Governor,RI,10/13/2018,Allan Fung,0.1288,0.0297,0.0613
2018,Governor,RI,10/12/2018,Allan Fung,0.1259,0.0312,0.0628
2018,Governor,RI,10/11/2018,Allan Fung,0.1209,0.0284,0.0599
2018,Governor,SC,11/6/2018,Henry McMaster,0.9462,0.9744,0.9851
2018,Governor,SC,11/5/2018,Henry McMaster,0.9479,0.9748,0.9852
2018,Governor,SC,11/4/2018,Henry McMaster,0.951,0.9759,0.9852
2018,Governor,SC,11/3/2018,Henry McMaster,0.9531,0.9765,0.9854
2018,Governor,SC,11/2/2018,Henry McMaster,0.9565,0.9784,0.9859
2018,Governor,SC,11/1/2018,Henry McMaster,0.9773,0.9832,0.9879
2018,Governor,SC,10/31/2018,Henry McMaster,0.9746,0.9814,0.9865
2018,Governor,SC,10/30/2018,Henry McMaster,0.9744,0.9813,0.9864
2018,Governor,SC,10/29/2018,Henry McMaster,0.975,0.9816,0.9863
2018,Governor,SC,10/28/2018,Henry McMaster,0.9758,0.9827,0.9872
2018,Governor,SC,10/27/2018,Henry McMaster,0.9772,0.9841,0.9878
2018,Governor,SC,10/26/2018,Henry McMaster,0.9752,0.9817,0.9862
2018,Governor,SC,10/25/2018,Henry McMaster,0.9769,0.9831,0.987
2018,Governor,SC,10/24/2018,Henry McMaster,0.9759,0.9819,0.9868
2018,Governor,SC,10/23/2018,Henry McMaster,0.9747,0.9811,0.9855
2018,Governor,SC,10/22/2018,Henry McMaster,0.9734,0.9793,0.9845
2018,Governor,SC,10/21/2018,Henry McMaster,0.9757,0.9817,0.9866
2018,Governor,SC,10/20/2018,Henry McMaster,0.9753,0.9809,0.9854
2018,Governor,SC,10/19/2018,Henry McMaster,0.976,0.981,0.9861
2018,Governor,SC,10/18/2018,Henry McMaster,0.9758,0.9811,0.9855
2018,Governor,SC,10/17/2018,Henry McMaster,0.9766,0.9823,0.987
2018,Governor,SC,10/16/2018,Henry McMaster,0.977,0.9814,0.9865
2018,Governor,SC,10/13/2018,Henry McMaster,0.9216,0.9632,0.9803
2018,Governor,SC,10/12/2018,Henry McMaster,0.9216,0.9626,0.9796
2018,Governor,SC,10/11/2018,Henry McMaster,0.9194,0.9616,0.9791
2018,Governor,SD,11/6/2018,Kristi Noem,0.4463,0.6308,0.6537
2018,Governor,SD,11/5/2018,Kristi Noem,0.4432,0.6302,0.6535
2018,Governor,SD,11/4/2018,Kristi Noem,0.5941,0.8301,0.7559
2018,Governor,SD,11/3/2018,Kristi Noem,0.5926,0.8297,0.7547
2018,Governor,SD,11/2/2018,Kristi Noem,0.5906,0.8296,0.7559
2018,Governor,SD,11/1/2018,Kristi Noem,0.592,0.8236,0.7533
2018,Governor,SD,10/31/2018,Kristi Noem,0.5507,0.8105,0.7502
2018,Governor,SD,10/30/2018,Kristi Noem,0.5393,0.8001,0.7399
2018,Governor,SD,10/29/2018,Kristi Noem,0.5419,0.8023,0.7426
2018,Governor,SD,10/28/2018,Kristi Noem,0.5431,0.803,0.7424
2018,Governor,SD,10/27/2018,Kristi Noem,0.5414,0.8009,0.7411
2018,Governor,SD,10/26/2018,Kristi Noem,0.5422,0.8006,0.7404
2018,Governor,SD,10/25/2018,Kristi Noem,0.5372,0.799,0.7365
2018,Governor,SD,10/24/2018,Kristi Noem,0.5552,0.8089,0.775
2018,Governor,SD,10/23/2018,Kristi Noem,0.6421,0.8855,0.828
2018,Governor,SD,10/22/2018,Kristi Noem,0.6401,0.8854,0.8295
2018,Governor,SD,10/21/2018,Kristi Noem,0.6567,0.8872,0.8316
2018,Governor,SD,10/20/2018,Kristi Noem,0.6696,0.8903,0.8354
2018,Governor,SD,10/19/2018,Kristi Noem,0.6652,0.8878,0.8319
2018,Governor,SD,10/18/2018,Kristi Noem,0.6604,0.885,0.8282
2018,Governor,SD,10/17/2018,Kristi Noem,0.6592,0.8856,0.8272
2018,Governor,SD,10/16/2018,Kristi Noem,0.6596,0.8897,0.8334
2018,Governor,SD,10/13/2018,Kristi Noem,0.6496,0.8898,0.835
2018,Governor,SD,10/12/2018,Kristi Noem,0.6488,0.8909,0.8366
2018,Governor,SD,10/11/2018,Kristi Noem,0.6293,0.8894,0.8514
2018,Governor,TN,11/6/2018,Bill Lee,0.9903,0.9766,0.9881
2018,Governor,TN,11/5/2018,Bill Lee,0.9892,0.9767,0.9884
2018,Governor,TN,11/4/2018,Bill Lee,0.9894,0.977,0.9878
2018,Governor,TN,11/3/2018,Bill Lee,0.9891,0.976,0.9876
2018,Governor,TN,11/2/2018,Bill Lee,0.9906,0.978,0.9877
2018,Governor,TN,11/1/2018,Bill Lee,0.9901,0.9778,0.9881
2018,Governor,TN,10/31/2018,Bill Lee,0.9893,0.9774,0.9827
2018,Governor,TN,10/30/2018,Bill Lee,0.9831,0.9706,0.9777
2018,Governor,TN,10/29/2018,Bill Lee,0.9843,0.9706,0.977
2018,Governor,TN,10/28/2018,Bill Lee,0.9853,0.9716,0.978
2018,Governor,TN,10/27/2018,Bill Lee,0.9857,0.9713,0.9776
2018,Governor,TN,10/26/2018,Bill Lee,0.9854,0.9725,0.9786
2018,Governor,TN,10/25/2018,Bill Lee,0.9853,0.9709,0.9772
2018,Governor,TN,10/24/2018,Bill Lee,0.9855,0.9721,0.978
2018,Governor,TN,10/23/2018,Bill Lee,0.9835,0.968,0.9753
2018,Governor,TN,10/22/2018,Bill Lee,0.9838,0.9696,0.9759
2018,Governor,TN,10/21/2018,Bill Lee,0.9852,0.9699,0.9762
2018,Governor,TN,10/20/2018,Bill Lee,0.9866,0.9724,0.9783
2018,Governor,TN,10/19/2018,Bill Lee,0.9847,0.9692,0.9758
2018,Governor,TN,10/18/2018,Bill Lee,0.9859,0.969,0.9758
2018,Governor,TN,10/17/2018,Bill Lee,0.9846,0.9692,0.9757
2018,Governor,TN,10/16/2018,Bill Lee,0.9842,0.9685,0.9749
2018,Governor,TN,10/13/2018,Bill Lee,0.9846,0.9699,0.9767
2018,Governor,TN,10/12/2018,Bill Lee,0.9836,0.9693,0.976
2018,Governor,TN,10/11/2018,Bill Lee,0.9608,0.9447,0.9637
2018,Governor,TX,11/6/2018,Greg Abbott,0.9967,0.9952,0.9973
2018,Governor,TX,11/5/2018,Greg Abbott,0.9965,0.9954,0.9974
2018,Governor,TX,11/4/2018,Greg Abbott,0.9966,0.9956,0.9975
2018,Governor,TX,11/3/2018,Greg Abbott,0.9964,0.9954,0.9974
2018,Governor,TX,11/2/2018,Greg Abbott,0.9963,0.9951,0.997
2018,Governor,TX,11/1/2018,Greg Abbott,0.997,0.9957,0.9977
2018,Governor,TX,10/31/2018,Greg Abbott,0.9977,0.9966,0.9979
2018,Governor,TX,10/30/2018,Greg Abbott,0.9969,0.9961,0.9974
2018,Governor,TX,10/29/2018,Greg Abbott,0.9958,0.9954,0.9973
2018,Governor,TX,10/28/2018,Greg Abbott,0.9972,0.9963,0.9978
2018,Governor,TX,10/27/2018,Greg Abbott,0.9971,0.9962,0.9975
2018,Governor,TX,10/26/2018,Greg Abbott,0.9972,0.9964,0.9977
2018,Governor,TX,10/25/2018,Greg Abbott,0.9964,0.9955,0.9973
2018,Governor,TX,10/24/2018,Greg Abbott,0.997,0.9961,0.9975
2018,Governor,TX,10/23/2018,Greg Abbott,0.9965,0.9958,0.9974
2018,Governor,TX,10/22/2018,Greg Abbott,0.9963,0.9955,0.9971
2018,Governor,TX,10/21/2018,Greg Abbott,0.9966,0.9956,0.9971
2018,Governor,TX,10/20/2018,Greg Abbott,0.9967,0.9958,0.9973
2018,Governor,TX,10/19/2018,Greg Abbott,0.997,0.996,0.9975
2018,Governor,TX,10/18/2018,Greg Abbott,0.9967,0.9957,0.9973
2018,Governor,TX,10/17/2018,Greg Abbott,0.9968,0.996,0.9972
2018,Governor,TX,10/16/2018,Greg Abbott,0.997,0.9958,0.9974
2018,Governor,TX,10/13/2018,Greg Abbott,0.9955,0.9946,0.9965
2018,Governor,TX,10/12/2018,Greg Abbott,0.9945,0.995,0.9968
2018,Governor,TX,10/11/2018,Greg Abbott,0.9899,0.9936,0.996
2018,Governor,VT,11/6/2018,Phil Scott,0.8809,0.939,0.9754
2018,Governor,VT,11/5/2018,Phil Scott,0.8788,0.9398,0.975
2018,Governor,VT,11/4/2018,Phil Scott,0.8836,0.9392,0.9763
2018,Governor,VT,11/3/2018,Phil Scott,0.8792,0.9384,0.9747
2018,Governor,VT,11/2/2018,Phil Scott,0.8762,0.9449,0.9769
2018,Governor,VT,11/1/2018,Phil Scott,0.8336,0.9495,0.9746
2018,Governor,VT,10/31/2018,Phil Scott,0.8209,0.9467,0.975
2018,Governor,VT,10/30/2018,Phil Scott,0.8137,0.9458,0.9735
2018,Governor,VT,10/29/2018,Phil Scott,0.8161,0.9483,0.9738
2018,Governor,VT,10/28/2018,Phil Scott,0.8183,0.9472,0.9744
2018,Governor,VT,10/27/2018,Phil Scott,0.8197,0.948,0.9741
2018,Governor,VT,10/26/2018,Phil Scott,0.8195,0.9464,0.9738
2018,Governor,VT,10/25/2018,Phil Scott,0.8163,0.9471,0.9735
2018,Governor,VT,10/24/2018,Phil Scott,0.8157,0.9421,0.9716
2018,Governor,VT,10/23/2018,Phil Scott,0.8074,0.9416,0.9712
2018,Governor,VT,10/22/2018,Phil Scott,0.8072,0.9406,0.9705
2018,Governor,VT,10/21/2018,Phil Scott,0.687,0.9568,0.9757
2018,Governor,VT,10/20/2018,Phil Scott,0.6888,0.9575,0.9761
2018,Governor,VT,10/19/2018,Phil Scott,0.6793,0.9522,0.9737
2018,Governor,VT,10/18/2018,Phil Scott,0.679,0.9512,0.9736
2018,Governor,VT,10/17/2018,Phil Scott,0.6809,0.9534,0.9752
2018,Governor,VT,10/16/2018,Phil Scott,0.6845,0.9526,0.9743
2018,Governor,VT,10/13/2018,Phil Scott,0.7088,0.9562,0.9763
2018,Governor,VT,10/12/2018,Phil Scott,0.7071,0.9559,0.9741
2018,Governor,VT,10/11/2018,Phil Scott,0.7186,0.9578,0.9765
2018,Governor,WI,11/6/2018,Scott Walker,0.2974,0.4035,0.3829
2018,Governor,WI,11/5/2018,Scott Walker,0.3033,0.409,0.3885
2018,Governor,WI,11/4/2018,Scott Walker,0.2868,0.3942,0.4207
2018,Governor,WI,11/3/2018,Scott Walker,0.2816,0.3916,0.4176
2018,Governor,WI,11/2/2018,Scott Walker,0.2839,0.3959,0.4232
2018,Governor,WI,11/1/2018,Scott Walker,0.2995,0.4189,0.4361
2018,Governor,WI,10/31/2018,Scott Walker,0.2984,0.4205,0.4372
2018,Governor,WI,10/30/2018,Scott Walker,0.2789,0.4073,0.4245
2018,Governor,WI,10/29/2018,Scott Walker,0.2806,0.4105,0.427
2018,Governor,WI,10/28/2018,Scott Walker,0.283,0.4155,0.4321
2018,Governor,WI,10/27/2018,Scott Walker,0.2828,0.4108,0.4272
2018,Governor,WI,10/26/2018,Scott Walker,0.2816,0.4102,0.4259
2018,Governor,WI,10/25/2018,Scott Walker,0.2827,0.4107,0.4256
2018,Governor,WI,10/24/2018,Scott Walker,0.286,0.4123,0.4252
2018,Governor,WI,10/23/2018,Scott Walker,0.2372,0.3635,0.3891
2018,Governor,WI,10/22/2018,Scott Walker,0.2397,0.362,0.3853
2018,Governor,WI,10/21/2018,Scott Walker,0.244,0.3725,0.3955
2018,Governor,WI,10/20/2018,Scott Walker,0.2449,0.3711,0.3932
2018,Governor,WI,10/19/2018,Scott Walker,0.2488,0.3747,0.3971
2018,Governor,WI,10/18/2018,Scott Walker,0.2494,0.3791,0.4003
2018,Governor,WI,10/17/2018,Scott Walker,0.2513,0.3792,0.3998
2018,Governor,WI,10/16/2018,Scott Walker,0.2534,0.3799,0.4005
2018,Governor,WI,10/13/2018,Scott Walker,0.2605,0.3896,0.4118
2018,Governor,WI,10/12/2018,Scott Walker,0.2605,0.386,0.4079
2018,Governor,WI,10/11/2018,Scott Walker,0.2593,0.3875,0.4112
2018,Governor,WY,11/6/2018,Mark Gordon,0.9974,0.9989,0.9992
2018,Governor,WY,11/5/2018,Mark Gordon,0.997,0.999,0.9992
2018,Governor,WY,11/4/2018,Mark Gordon,0.9098,0.9933,0.9941
2018,Governor,WY,11/3/2018,Mark Gordon,0.9267,0.994,0.9946
2018,Governor,WY,11/2/2018,Mark Gordon,0.9277,0.9939,0.9945
2018,Governor,WY,11/1/2018,Mark Gordon,0.9223,0.9936,0.9943
2018,Governor,WY,10/31/2018,Mark Gordon,0.9377,0.9948,0.9953
2018,Governor,WY,10/30/2018,Mark Gordon,0.932,0.9944,0.995
2018,Governor,WY,10/29/2018,Mark Gordon,0.9372,0.9937,0.9943
2018,Governor,WY,10/28/2018,Mark Gordon,0.9417,0.9942,0.9948
2018,Governor,WY,10/27/2018,Mark Gordon,0.9434,0.9946,0.9953
2018,Governor,WY,10/26/2018,Mark Gordon,0.9446,0.9942,0.9947
2018,Governor,WY,10/25/2018,Mark Gordon,0.9408,0.9936,0.9941
2018,Governor,WY,10/24/2018,Mark Gordon,0.9422,0.9934,0.994
2018,Governor,WY,10/23/2018,Mark Gordon,0.9367,0.9936,0.9941
2018,Governor,WY,10/22/2018,Mark Gordon,0.9412,0.9937,0.9942
2018,Governor,WY,10/21/2018,Mark Gordon,0.9493,0.9932,0.9936
2018,Governor,WY,10/20/2018,Mark Gordon,0.9553,0.9943,0.9948
2018,Governor,WY,10/19/2018,Mark Gordon,0.9544,0.9939,0.9944
2018,Governor,WY,10/18/2018,Mark Gordon,0.9528,0.9933,0.9937
2018,Governor,WY,10/17/2018,Mark Gordon,0.9527,0.9938,0.9942
2018,Governor,WY,10/16/2018,Mark Gordon,0.9465,0.9936,0.9941
2018,Governor,WY,10/13/2018,Mark Gordon,0.9368,0.9935,0.9939
2018,Governor,WY,10/12/2018,Mark Gordon,0.9349,0.9934,0.9942
2018,Governor,WY,10/11/2018,Mark Gordon,0.9163,0.9926,0.9933
